{
  "version": "0.1",
  "description": "Initial release of GB PAWA POS System",
  "releaseDate": "2025-09-03",
  "releaseNotes": "Initial release with multi-tenant POS system, enhanced user registration, and update checking",
  "features": [
    "Multi-tenant POS system",
    "Cashier dashboard with barcode scanning",
    "Admin dashboard with comprehensive reporting",
    "Backoffice management for inventory and users",
    "Enhanced user registration with phone, ID, and fingerprint fields",
    "Update checking functionality",
    "Modern UI with dark/light theme support"
  ]
}